Item No.,Item Description,In Stock,FOREIGN NAME,Pair Size,No of pairs,SALES UOM,PURCHASE UOM,INVENTORY UOM,MRP,Product Type,Last Purchase Price,HSN/Commodity Code,VAT Commodity Group Code
2-FB-3290-BK-G1,FG MC-Fortune Kinaloor-3290-Black-Gents-6X10,251,Footwear-Pride-3290-Black-Gents-6X10,,24,CASE,No,CASE,289,Covering,"3,224.18",6402.99.90,FG
2-FB-3290-BK-G14,FG MC-Fortune Kinaloor-3290-Black-Gents-6X7,0,Footwear-Pride-3290-Black-Gents-6X7,,24,CASE,No,CASE,289,Covering,"3,319.20",6402.99.90,FG
2-FB-3290-BK-G15,FG MC-Fortune Kinaloor-3290-Black-Gents-9X10,0,Footwear-Pride-3290-Black-Gents-9X10,,24,CASE,No,CASE,289,Covering,"2,948.30",6402.99.90,FG
2-FB-3290-BK-G16,FG MC-Fortune Kinaloor-3290-Black-Gents-8X9,0,Footwear-Pride-3290-Black-Gents-8X9,,24,CASE,No,CASE,289,Covering,"3,140.32",6402.99.90,FG
2-FB-3290-BK-G19,FG MC-Fortune Kinaloor-3290-Black-Gents-6;7;9;10,0,Footwear-Pride-3290-Black-Gents-6;7;9;10,,24,CASE,No,CASE,289,Covering,0,6402.99.90,FG
2-FB-3290-BK-G2,FG MC-Fortune Kinaloor-3290-Black-Gents-7X10,35,Footwear-Pride-3290-Black-Gents-7X10,,24,CASE,No,CASE,289,Covering,"3,259.92",6402.99.90,FG
2-FB-3290-BK-G3,FG MC-Fortune Kinaloor-3290-Black-Gents-6X9,8,Footwear-Pride-3290-Black-Gents-6X9,,24,CASE,No,CASE,289,Covering,"3,151.98",6402.99.90,FG
2-FB-3290-BK-G30,FG MC-Fortune Kinaloor-3290-Black-Gents-8;10,0,Footwear-Pride-3290-Black-Gents-8;10,,24,CASE,No,CASE,289,Covering,"2,516.20",6402.99.90,FG
2-FB-3290-BK-G4,FG MC-Fortune Kinaloor-3290-Black-Gents-7X9,0,Footwear-Pride-3290-Black-Gents-7X9,,24,CASE,No,CASE,289,Covering,"3,158.07",6402.99.90,FG
2-FB-3290-BK-G5,FG MC-Fortune Kinaloor-3290-Black-Gents-8X10,64,Footwear-Pride-3290-Black-Gents-8X10,,24,CASE,No,CASE,289,Covering,"3,290.11",6402.99.90,FG
2-FB-3290-BK-G6,FG MC-Fortune Kinaloor-3290-Black-Gents-6X8,10,Footwear-Pride-3290-Black-Gents-6X8,,24,CASE,No,CASE,289,Covering,"3,115.96",6402.99.90,FG
2-FB-3290-BK-G7,FG MC-Fortune Kinaloor-3290-Black-Gents-7X8,0,Footwear-Pride-3290-Black-Gents-7X8,,24,CASE,No,CASE,289,Covering,"2,232.21",6402.99.90,FG
2-FB-3290-BK-GA6,FG MC-Fortune Kinaloor-3290-Black-Gents-06,0,Footwear-Pride-3290-Black-Gents-6,,24,CASE,No,CASE,289,Covering,"2,959.51",6402.99.90,FG
2-FB-3290-BK-GA8,FG MC-Fortune Kinaloor-3290-Black-Gents-08,0,Footwear-Pride-3290-Black-Gents-8,,24,CASE,No,CASE,289,Covering,"3,200.31",6402.99.90,FG
2-FB-3290-BK-GA9,FG MC-Fortune Kinaloor-3290-Black-Gents-09,0,Footwear-Pride-3290-Black-Gents-9,,24,CASE,No,CASE,289,Covering,"2,999.69",6402.99.90,FG
2-FB-3290-BK-GB0,FG MC-Fortune Kinaloor-3290-Black-Gents-10,0,Footwear-Pride-3290-Black-Gents-10,,24,CASE,No,CASE,289,Covering,"3,311.03",6402.99.90,FG
2-FB-3290-BK-X1,FG MC-Fortune Kinaloor-3290-Black-Giants-11X12,27,Footwear-Pride-3290-Black-Giants-11X12,,12,CASE,No,CASE,339,Covering,"1,915.16",,FG
2-FB-3290-BK-XB1,FG MC-Fortune Kinaloor-3290-Black-Giants-11,0,Footwear-Pride-3290-Black-Giants-11,,12,CASE,No,CASE,339,Covering,"1,723.56",,FG
2-FB-3290-BK-XB2,FG MC-Fortune Kinaloor-3290-Black-Giants-12,0,Footwear-Pride-3290-Black-Giants-12,,12,CASE,No,CASE,339,Covering,"1,723.56",,FG
2-FB-3290-BR-G1,FG MC-Fortune Kinaloor-3290-Brown-Gents-6X10,122,Footwear-Pride-3290-Brown-Gents-6X10,,24,CASE,No,CASE,289,Covering,"3,356.91",6402.99.90,FG
2-FB-3290-BR-G14,FG MC-Fortune Kinaloor-3290-Brown-Gents-6X7,0,Footwear-Pride-3290-Brown-Gents-6X7,,24,CASE,No,CASE,289,Covering,"2,329.55",6402.99.90,FG
2-FB-3290-BR-G15,FG MC-Fortune Kinaloor-3290-Brown-Gents-9X10,0,Footwear-Pride-3290-Brown-Gents-9X10,,24,CASE,No,CASE,289,Covering,"3,034.39",6402.99.90,FG
2-FB-3290-BR-G16,FG MC-Fortune Kinaloor-3290-Brown-Gents-8X9,0,Footwear-Pride-3290-Brown-Gents-8X9,,24,CASE,No,CASE,289,Covering,"3,360.13",6402.99.90,FG
2-FB-3290-BR-G2,FG MC-Fortune Kinaloor-3290-Brown-Gents-7X10,54,Footwear-Pride-3290-Brown-Gents-7X10,,24,CASE,No,CASE,289,Covering,"3,371.11",6402.99.90,FG
2-FB-3290-BR-G20,FG MC-Fortune Kinaloor-3290-Brown-Gents-6;8;10,0,Footwear-Pride-3290-Brown-Gents-6;8;10,,24,CASE,No,CASE,289,Covering,0,6402.99.90,FG
2-FB-3290-BR-G26,FG MC-Fortune Kinaloor-3290-Brown-Gents-6;7;8;10,0,Footwear-Pride-3290-Brown-Gents-6;7;8;10,,24,CASE,No,CASE,289,Covering,"3,319.20",6402.99.90,FG
2-FB-3290-BR-G27,FG MC-Fortune Kinaloor-3290-Brown-Gents-6;10,0,Footwear-Pride-3290-Brown-Gents-6;10,,24,CASE,No,CASE,289,Covering,0,6402.99.90,FG
2-FB-3290-BR-G29,FG MC-Fortune Kinaloor-3290-Brown-Gents-7;8;10,0,Footwear-Pride-3290-Brown-Gents-7;8;10,,24,CASE,No,CASE,289,Covering,0,6402.99.90,FG
2-FB-3290-BR-G3,FG MC-Fortune Kinaloor-3290-Brown-Gents-6X9,16,Footwear-Pride-3290-Brown-Gents-6X9,,24,CASE,No,CASE,289,Covering,"3,277.21",6402.99.90,FG
2-FB-3290-BR-G30,FG MC-Fortune Kinaloor-3290-Brown-Gents-8;10,0,Footwear-Pride-3290-Brown-Gents-8;10,,24,CASE,No,CASE,289,Covering,"2,212.35",6402.99.90,FG
2-FB-3290-BR-G4,FG MC-Fortune Kinaloor-3290-Brown-Gents-7X9,0,Footwear-Pride-3290-Brown-Gents-7X9,,24,CASE,No,CASE,289,Covering,"3,280.75",6402.99.90,FG
2-FB-3290-BR-G5,FG MC-Fortune Kinaloor-3290-Brown-Gents-8X10,34,Footwear-Pride-3290-Brown-Gents-8X10,,24,CASE,No,CASE,289,Covering,"3,403.09",6402.99.90,FG
2-FB-3290-BR-G6,FG MC-Fortune Kinaloor-3290-Brown-Gents-6X8,15,Footwear-Pride-3290-Brown-Gents-6X8,,24,CASE,No,CASE,289,Covering,"3,280.71",6402.99.90,FG
2-FB-3290-BR-G7,FG MC-Fortune Kinaloor-3290-Brown-Gents-7X8,0,Footwear-Pride-3290-Brown-Gents-7X8,,24,CASE,No,CASE,289,Covering,"2,985.70",6402.99.90,FG
2-FB-3290-BR-GA6,FG MC-Fortune Kinaloor-3290-Brown-Gents-06,0,Footwear-Pride-3290-Brown-Gents-06,,24,CASE,No,CASE,289,Covering,"2,966.43",6402.99.90,FG
2-FB-3290-BR-GA7,FG MC-Fortune Kinaloor-3290-Brown-Gents-7,0,Footwear-Pride-3290-Brown-Gents-7,,24,CASE,No,CASE,289,Covering,"2,295.16",6402.99.90,FG
2-FB-3290-BR-GA8,FG MC-Fortune Kinaloor-3290-Brown-Gents-08,1,Footwear-Pride-3290-Brown-Gents-08,,24,CASE,No,CASE,289,Covering,"3,324.92",6402.99.90,FG
2-FB-3290-BR-GA9,FG MC-Fortune Kinaloor-3290-Brown-Gents-09,1,Footwear-Pride-3290-Brown-Gents-9,,24,CASE,No,CASE,289,Covering,"3,406.50",6402.99.90,FG
2-FB-3290-BR-GB0,FG MC-Fortune Kinaloor-3290-Brown-Gents-10,1,Footwear-Pride-3290-Brown-Gents-10,,24,CASE,No,CASE,289,Covering,"3,500.50",6402.99.90,FG
2-FB-3290-BR-X1,FG MC-Fortune Kinaloor-3290-Brown-Giants-11X12,42,Footwear-Pride-3290-Brown-Giants-11X12,,12,CASE,No,CASE,339,Covering,"1,944.14",,FG
2-FB-3290-BR-XB1,FG MC-Fortune Kinaloor-3290-Brown-Giants-11,0,Footwear-Pride-3290-Brown-Giants-11,,12,CASE,No,CASE,339,Covering,"1,509.81",,FG
2-FB-3290-TA-G1,FG MC-Fortune Kinaloor-3290-Tan-Gents-6X10,0,Footwear-Pride-3290-Tan-Gents-6X10,,24,CASE,No,CASE,289,Covering,"3,204.37",6402.99.90,FG
2-FB-3290-TA-G2,FG MC-Fortune Kinaloor-3290-Tan-Gents-7X10,0,Footwear-Pride-3290-Tan-Gents-7X10,,24,CASE,No,CASE,289,Covering,"3,244.15",6402.99.90,FG
2-FB-3290-TA-G3,FG MC-Fortune Kinaloor-3290-Tan-Gents-6X9,0,Footwear-Pride-3290-Tan-Gents-6X9,,24,CASE,No,CASE,289,Covering,"2,530.27",6402.99.90,FG
2-FB-3290-TA-G4,FG MC-Fortune Kinaloor-3290-Tan-Gents-7X9,0,Footwear-Pride-3290-Tan-Gents-7X9,,24,CASE,No,CASE,289,Covering,"2,638.46",6402.99.90,FG
2-FB-3290-TA-G5,FG MC-Fortune Kinaloor-3290-Tan-Gents-8X10,0,Footwear-Pride-3290-Tan-Gents-8X10,,24,CASE,No,CASE,289,Covering,"2,985.99",6402.99.90,FG
2-FB-3290-TA-G6,FG MC-Fortune Kinaloor-3290-Tan-Gents-6X8,8,Footwear-Pride-3290-Tan-Gents-6X8,,24,CASE,No,CASE,289,Covering,"3,138.84",6402.99.90,FG
2-FB-3290-TA-GA8,FG MC-Fortune Kinaloor-3290-Tan-Gents-8,0,Footwear-Pride-3290-Tan-Gents-8,,24,CASE,No,CASE,289,Covering,"2,405.47",6402.99.90,FG
2-FB-3290-TA-GB0,FG MC-Fortune Kinaloor-3290-Tan-Gents-10,0,Footwear-Pride-3290-Tan-Gents-10,,24,CASE,No,CASE,289,Covering,"2,799.73",6402.99.90,FG
2-FB-3290-TA-X1,FG MC-Fortune Kinaloor-3290-Tan-Giants-11X12,0,Footwear-PRIDE-3290-Tan-Giants-11X12,,12,CASE,No,CASE,339,COVERING,0,,FG
2-FB-3290-WT-G1,FG MC-Fortune Kinaloor-3290-White-Gents-6X10,0,Footwear-Pride-3290-White-Gents-6X10,,24,CASE,No,CASE,289,Covering,"3,081.12",6402.99.90,FG
2-FB-3290-WT-G2,FG MC-Fortune Kinaloor-3290-White-Gents-7X10,0,Footwear-Pride-3290-White-Gents-7X10,,24,CASE,No,CASE,289,Covering,"3,156.22",6402.99.90,FG
2-FB-3290-WT-G3,FG MC-Fortune Kinaloor-3290-White-Gents-6X9,0,Footwear-Pride-3290-White-Gents-6X9,,24,CASE,No,CASE,289,Covering,"3,089.31",6402.99.90,FG
2-FB-3290-WT-G5,FG MC-Fortune Kinaloor-3290-White-Gents-8X10,0,Footwear-Pride-3290-White-Gents-8X10,,24,CASE,No,CASE,289,Covering,"3,184.32",6402.99.90,FG
2-FB-3290-WT-G6,FG MC-Fortune Kinaloor-3290-White-Gents-6X8,0,Footwear-Pride-3290-White-Gents-6X8,,24,CASE,No,CASE,289,Covering,"2,282.23",6402.99.90,FG
2-FB-3290-WT-GA7,FG MC-Fortune Kinaloor-3290-White-Gents-7,0,Footwear-Pride-3290-White-Gents-7,,24,CASE,No,CASE,289,Covering,"2,524.87",6402.99.90,FG
2-FB-3290X-BK-G1,FG MC-Fortune Kinaloor-3290X-Black-Gents-6X10,0,Footwear-Pride-3290X-Black-Gents-6X10,,24,CASE,No,CASE,279,Covering,"3,136.11",,FG
2-FB-3290X-BK-G2,FG MC-Fortune Kinaloor-3290X-Black-Gents-7X10,0,Footwear-Pride-3290X-Black-Gents-7X10,,24,CASE,No,CASE,279,Covering,"3,183.86",,FG
2-FB-3290X-BK-G3,FG MC-Fortune Kinaloor-3290X-Black-Gents-6X9,0,Footwear-Pride-3290X-Black-Gents-6X9,,24,CASE,No,CASE,279,Covering,"3,107.40",,FG
2-FB-3290X-BK-G4,FG MC-Fortune Kinaloor-3290X-Black-Gents-7X9,0,Footwear-Pride-3290X-Black-Gents-7X9,,24,CASE,No,CASE,279,Covering,"3,158.07",,FG
2-FB-3290X-BK-G5,FG MC-Fortune Kinaloor-3290X-Black-Gents-8X10,0,Footwear-Pride-3290X-Black-Gents-8X10,,24,CASE,No,CASE,279,Covering,"3,198.95",,FG
2-FB-3290X-BK-G6,FG MC-Fortune Kinaloor-3290X-Black-Gents-6X8,0,Footwear-Pride-3290X-Black-Gents-6X8,,24,CASE,No,CASE,279,Covering,0,,FG
2-FB-3290X-BK-GA6,FG MC-Fortune Kinaloor-3290X-Black-Gents-06,0,Footwear-Pride-3290X-Black-Gents-06,,24,CASE,No,CASE,279,Covering,"2,959.51",,FG
2-FB-3290X-BK-GA8,FG MC-Fortune Kinaloor-3290X-Black-Gents-8,0,Footwear-Pride-3290X-Black-Gents-8,,24,CASE,No,CASE,279,Covering,0,,FG
2-FB-3290X-BK-GA9,FG MC-Fortune Kinaloor-3290X-Black-Gents-09,3,Footwear-Pride-3290X-Black-Gents-09,,24,CASE,No,CASE,279,Covering,"2,999.69",,FG
2-FB-3290X-BK-GB0,FG MC-Fortune Kinaloor-3290X-Black-Gents-10,0,Footwear-Pride-3290X-Black-Gents-10,,24,CASE,No,CASE,279,Covering,0,,FG
2-FB-3290X-BK-X1,FG MC-Fortune Kinaloor-3290X-Black-Giants-11X12,1,Footwear-Pride-3290X-Black-Giants-11X12,,12,CASE,No,CASE,319,Covering,"1,905.83",,FG
2-FB-3290X-BR-G1,FG MC-Fortune Kinaloor-3290X-Brown-Gents-6X10,0,Footwear-Pride-3290X-Brown-Gents-6X10,,24,CASE,No,CASE,279,Covering,"3,294.42",,FG
2-FB-3290X-BR-G2,FG MC-Fortune Kinaloor-3290X-Brown-Gents-7X10,0,Footwear-Pride-3290X-Brown-Gents-7X10,,24,CASE,No,CASE,279,Covering,"3,314.41",,FG
2-FB-3290X-BR-G3,FG MC-Fortune Kinaloor-3290X-Brown-Gents-6X9,0,Footwear-Pride-3290X-Brown-Gents-6X9,,24,CASE,No,CASE,279,Covering,"3,245.27",,FG
2-FB-3290X-BR-G5,FG MC-Fortune Kinaloor-3290X-Brown-Gents-8X10,0,Footwear-Pride-3290X-Brown-Gents-8X10,,24,CASE,No,CASE,279,Covering,"3,294.36",,FG
2-FB-3290X-BR-G6,FG MC-Fortune Kinaloor-3290X-Brown-Gents-6X8,0,Footwear-Pride-3290X-Brown-Gents-6X8,,24,CASE,No,CASE,279,Covering,"3,202.55",,FG
2-FB-3290X-BR-GA8,FG MC-Fortune Kinaloor-3290X-Brown-Gents-8,0,Footwear-Pride-3290X-Brown-Gents-8,,24,CASE,No,CASE,279,Covering,0,,FG
2-FB-3290X-BR-GA9,FG MC-Fortune Kinaloor-3290X-Brown-Gents-9,3,Footwear-Pride-3290X-Brown-Gents-9,,24,CASE,No,CASE,279,Covering,"3,004.23",,FG
2-FB-3290X-BR-GB0,FG MC-Fortune Kinaloor-3290X-Brown-Gents-10,0,Footwear-Pride-3290X-Brown-Gents-10,,24,CASE,No,CASE,279,Covering,"3,372.62",,FG
2-FB-3290X-BR-X1,FG MC-Fortune Kinaloor-3290X-Brown-Giants-11X12,0,Footwear-Pride-3290X-Brown-Giants-11X12,,12,CASE,No,CASE,319,Covering,"1,921.50",,FG
2-FB-3290X-TA-G1,FG MC-Fortune Kinaloor-3290X-Tan-Gents-6X10,0,Footwear-Pride-3290X-Tan-Gents-6X10,,24,CASE,No,CASE,279,Covering,0,,FG
2-FB-3290X-WT-G1,FG MC-Fortune Kinaloor-3290X-White-Gents-6X10,0,Footwear-Pride-3290X-White-Gents-6X10,,24,CASE,No,CASE,279,Covering,"3,081.12",,FG
2-FB-3290X-WT-G3,FG MC-Fortune Kinaloor-3290X-White-Gents-6X9,0,Footwear-Pride-3290X-White-Gents-6X9,,24,CASE,No,CASE,279,Covering,"3,089.31",,FG
2-FB-3290X-WT-G5,FG MC-Fortune Kinaloor-3290X-White-Gents-8X10,0,Footwear-Pride-3290X-White-Gents-8X10,,24,CASE,No,CASE,279,Covering,0,,FG
2-FB-3290Z-BK-G1,FG MC-Fortune Kinaloor-3290Z-Black-Gents-6X10,0,Footwear-Pride-3290Z-Black-Gents-6X10,,12,CASE,No,CASE,289,Covering,"1,617.95",6402.99.90,FG
2-FB-3290Z-BK-G1-P24,FG MC-Fortune Kinaloor-3290Z-Black-Gents-6X10-Export-P24,0,Footwear-Pride-3290Z-Black-Gents-6X10-Export-P24,,24,CASE,No,CASE,289,Covering,0,6402.99.90,FG
2-FB-3290Z-BK-G2,FG MC-Fortune Kinaloor-3290Z-Black-Gents-7X10-Export,0,Footwear-Pride-3290Z-Black-Gents-7X10-Export,,12,CASE,No,CASE,289,Covering,"1,693.46",6402.99.90,FG
2-FB-3290Z-BK-X1,FG MC-Fortune Kinaloor-3290Z-Black-Giants-11X12-Export,0,Footwear-Pride-3290Z-Black-Giants-11X12-Export,,12,CASE,No,CASE,339,Covering,"1,549.92",,FG
2-FB-3290Z-BK-X2,FG MC-Fortune Kinaloor-3290Z-Black-Giants-10X12-Export,0,Footwear-Pride-3290Z-Black-Giants-10X12-Export,,12,CASE,No,CASE,0,Covering,"1,857.34",,FG
2-FB-3290Z-BR-G1,FG MC-Fortune Kinaloor-3290Z-Brown-Gents-6X10,0,Footwear-Pride-3290Z-Brown-Gents-6X10,,12,CASE,No,CASE,289,Covering,"1,687.03",6402.99.90,FG
2-FB-3290Z-BR-G1-P24,FG MC-Fortune Kinaloor-3290Z-Brown-Gents-6X10-Export-P24,0,Footwear-Pride-3290Z-Brown-Gents-6X10-Export-P24,,24,CASE,No,CASE,289,Covering,0,6402.99.90,FG
2-FB-3290Z-BR-G2,FG MC-Fortune Kinaloor-3290Z-Brown-Gents-7X10-Export,10,Footwear-Pride-3290Z-Brown-Gents-7X10-Export,,12,CASE,No,CASE,289,Covering,"1,758.55",6402.99.90,FG
2-FB-3290Z-BR-X1,FG MC-Fortune Kinaloor-3290Z-Brown-Giants-11X12-Export,0,Footwear-Pride-3290Z-Brown-Giants-11X12-Export,,12,CASE,No,CASE,339,Covering,"1,586.90",,FG
2-FB-3290Z-BR-X2,FG MC-Fortune Kinaloor-3290Z-Brown-Giants-10X12-Export,0,Footwear-Pride-3290Z-Brown-Giants-10X12-Export,,12,CASE,No,CASE,0,Covering,"1,828.16",,FG
2-FB-3290Z-TA-G2,FG MC-Fortune Kinaloor-3290Z-Tan-Gents-7X10,0,Footwear-PRIDE-3290Z-Tan-Gents-7X10,,12,CASE,No,CASE,289,COVERING,"1,277.43",,FG
2-FB-3290Z-TA-X2,FG MC-Fortune Kinaloor-3290Z-Tan-Giants-10X12-Export,0,Footwear-Pride-3290Z-Tan-Giants-10X12-Export,,12,CASE,No,CASE,339,Covering,"1,808.47",,FG
2-FB-3290Z-WT-G1,FG MC-Fortune Kinaloor-3290Z-White-Gents-6X10-Export,0,Footwear-Pride-3290Z-White-Gents-6X10-Export,,12,CASE,No,CASE,289,Covering,0,6402.99.90,FG
2-FB-3290ZX-BR-G2,FG MC-Fortune Kinaloor-3290ZX-Brown-Gents-7X10,0,Footwear-Pride-3290ZX-Brown-Gents-7X10,,12,CASE,No,CASE,0,Covering,0,,FG
2-FB-8125-NB-L1,FG MC-Fortune Kinaloor-8125-Navy Blue-Ladies-5X9,98,Footwear-Pride-8125-Navy Blue-Ladies-5X9,,30,CASE,No,CASE,249,Covering,"3,333.42",6402.99.90,FG
2-FB-8125-NB-L2,FG MC-Fortune Kinaloor-8125-Navy Blue-Ladies-5X8,60,Footwear-Pride-8125-Navy Blue-Ladies-5X8,,30,CASE,No,CASE,249,Covering,"3,275.04",6402.99.90,FG
2-FB-8125-NB-L4,FG MC-Fortune Kinaloor-8125-Navy Blue-Ladies-7X9,0,Footwear-Pride-8125-Navy Blue-Ladies-7X9,,30,CASE,No,CASE,249,Covering,"2,992.30",6402.99.90,FG
2-FB-8125-NB-L5,FG MC-Fortune Kinaloor-8125-Navy Blue-Ladies-6X9,122,Footwear-Pride-8125-Navy Blue-Ladies-6X9,,30,CASE,No,CASE,249,Covering,"3,341.90",6402.99.90,FG
2-FB-8125-NB-L8,FG MC-Fortune Kinaloor-8125-Navy Blue-Ladies-5X7,163,Footwear-Pride-8125-Navy Blue-Ladies-5X7,,30,CASE,No,CASE,249,Covering,"3,207.58",6402.99.90,FG
2-FB-8125X-NB-L1,FG MC-Fortune Kinaloor-8125X-Navy Blue-Ladies-5X9,0,Footwear-Pride-8125X-Navy Blue-Ladies-5X9,,30,CASE,No,CASE,239,Covering,"3,190.97",,FG
2-FB-8125X-NB-L2,FG MC-Fortune Kinaloor-8125X-Navy Blue-Ladies-5X8,0,Footwear-Pride-8125X-Navy Blue-Ladies-5X8,,30,CASE,No,CASE,239,Covering,"3,128.85",,FG
2-FB-8125X-NB-L5,FG MC-Fortune Kinaloor-8125X-Navy Blue-Ladies-6X9,119,Footwear-Pride-8125X-Navy Blue-Ladies-6X9,,30,CASE,No,CASE,239,Covering,"3,228.56",,FG
2-FB-8125X-NB-L8,FG MC-Fortune Kinaloor-8125X-Navy Blue-Ladies-5X7,0,Footwear-Pride-8125X-Navy Blue-Ladies-5X7,,30,CASE,No,CASE,239,Covering,"3,111.88",,FG
2-FB-8125Z-NB-L1,FG MC-Fortune Kinaloor-8125Z-Navy Blue-Ladies-5X9-Export,0,Footwear-PRIDE-8125Z-Navy Blue-Ladies-5X9-Export,,12,CASE,No,CASE,0,COVERING,"1,327.62",,FG
2-FB-8125Z-NB-L1-P30,FG MC-Fortune Kinaloor-8125Z-Navy Blue-Ladies-5X9-Export-P30,0,Footwear-PRIDE-8125Z-Navy Blue-Ladies-5X9-Export-P30,,30,CASE,No,CASE,0,COVERING,"1,353.48",,FG
3-FB-3290-BK-G06,FG SC-Fortune Kinaloor-3290-Black-Gents-06,36,Footwear-Pride-3290-Black-Gents-06,6,1,PAIR,No,PAIR,0,Covering,124.77,,SF
3-FB-3290-BK-G07,FG SC-Fortune Kinaloor-3290-Black-Gents-07,47,Footwear-Pride-3290-Black-Gents-07,7,1,PAIR,No,PAIR,0,Covering,128.77,,SF
3-FB-3290-BK-G08,FG SC-Fortune Kinaloor-3290-Black-Gents-08,109,Footwear-Pride-3290-Black-Gents-08,8,1,PAIR,No,PAIR,0,Covering,130.32,,SF
3-FB-3290-BK-G09,FG SC-Fortune Kinaloor-3290-Black-Gents-09,135,Footwear-Pride-3290-Black-Gents-09,9,1,PAIR,No,PAIR,0,Covering,134.03,,SF
3-FB-3290-BK-G10,FG SC-Fortune Kinaloor-3290-Black-Gents-10,111,Footwear-Pride-3290-Black-Gents-10,10,1,PAIR,No,PAIR,0,Covering,137.06,,SF
3-FB-3290-BK-X11,FG SC-Fortune Kinaloor-3290-Black-Giants-11,56,Footwear-Pride-3290-Black-Giants-11,11,1,PAIR,No,PAIR,0,Covering,153.71,,SF
3-FB-3290-BK-X12,FG SC-Fortune Kinaloor-3290-Black-Giants-12,45,Footwear-Pride-3290-Black-Giants-12,12,1,PAIR,No,PAIR,0,Covering,156.37,,SF
3-FB-3290-BR-G06,FG SC-Fortune Kinaloor-3290-Brown-Gents-06,144,Footwear-Pride-3290-Brown-Gents-06,6,1,PAIR,No,PAIR,289,Covering,129.93,6402.99.90,SF
3-FB-3290-BR-G07,FG SC-Fortune Kinaloor-3290-Brown-Gents-07,665,Footwear-Pride-3290-Brown-Gents-07,7,1,PAIR,No,PAIR,0,Covering,131.25,,SF
3-FB-3290-BR-G08,FG SC-Fortune Kinaloor-3290-Brown-Gents-08,812,Footwear-Pride-3290-Brown-Gents-08,8,1,PAIR,No,PAIR,0,Covering,132.64,,SF
3-FB-3290-BR-G09,FG SC-Fortune Kinaloor-3290-Brown-Gents-09,692,Footwear-Pride-3290-Brown-Gents-09,9,1,PAIR,No,PAIR,289,Covering,137.93,,SF
3-FB-3290-BR-G10,FG SC-Fortune Kinaloor-3290-Brown-Gents-10,685,Footwear-Pride-3290-Brown-Gents-10,10,1,PAIR,No,PAIR,0,Covering,139.27,,SF
3-FB-3290-BR-X11,FG SC-Fortune Kinaloor-3290-Brown-Giants-11,80,Footwear-Pride-3290-Brown-Giants-11,11,1,PAIR,No,PAIR,0,Covering,156.34,,SF
3-FB-3290-BR-X12,FG SC-Fortune Kinaloor-3290-Brown-Giants-12,88,Footwear-Pride-3290-Brown-Giants-12,12,1,PAIR,No,PAIR,0,Covering,159.24,,SF
3-FB-3290-TA-G06,FG SC-Fortune Kinaloor-3290-Tan-Gents-06,25,Footwear-Pride-3290-Tan-Gents-06,6,1,PAIR,No,PAIR,0,Covering,123.77,,SF
3-FB-3290-TA-G07,FG SC-Fortune Kinaloor-3290-Tan-Gents-07,62,Footwear-Pride-3290-Tan-Gents-07,7,1,PAIR,No,PAIR,0,Covering,127.87,,SF
3-FB-3290-TA-G08,FG SC-Fortune Kinaloor-3290-Tan-Gents-08,38,Footwear-Pride-3290-Tan-Gents-08,8,1,PAIR,No,PAIR,0,Covering,129.53,,SF
3-FB-3290-TA-G09,FG SC-Fortune Kinaloor-3290-Tan-Gents-09,61,Footwear-Pride-3290-Tan-Gents-09,9,1,PAIR,No,PAIR,0,Covering,132.97,,SF
3-FB-3290-TA-G10,FG SC-Fortune Kinaloor-3290-Tan-Gents-10,41,Footwear-Pride-3290-Tan-Gents-10,10,1,PAIR,No,PAIR,0,Covering,134.07,,SF
3-FB-3290-TA-X11,FG SC-Fortune Kinaloor-3290-Tan-Giants-11,0,Footwear-PRIDE-3290-Tan-Giants-11,11,1,PAIR,No,PAIR,0,COVERING,0,,SF
3-FB-3290-TA-X12,FG SC-Fortune Kinaloor-3290-Tan-Giants-12,0,Footwear-PRIDE-3290-Tan-Giants-12,12,1,PAIR,No,PAIR,0,COVERING,0,,SF
3-FB-3290-WT-G06,FG SC-Fortune Kinaloor-3290-White-Gents-06,18,Footwear-Pride-3290-White-Gents-06,6,1,PAIR,No,PAIR,0,Covering,120.44,,SF
3-FB-3290-WT-G07,FG SC-Fortune Kinaloor-3290-White-Gents-07,15,Footwear-Fortune Kinaloor-3290-Pride-Gents-07,7,1,PAIR,No,PAIR,0,,122.98,,SF
3-FB-3290-WT-G08,FG SC-Fortune Kinaloor-3290-White-Gents-08,13,Footwear-Fortune Kinaloor-3290-Pride-Gents-08,8,1,PAIR,No,PAIR,0,,126.19,,SF
3-FB-3290-WT-G09,FG SC-Fortune Kinaloor-3290-White-Gents-09,7,Footwear-Pride-3290-White-Gents-09,9,1,PAIR,No,PAIR,0,Covering,129.4,,SF
3-FB-3290-WT-G10,FG SC-Fortune Kinaloor-3290-White-Gents-10,7,Footwear-Pride-3290-White-Gents-10,10,1,PAIR,No,PAIR,0,Covering,131.18,,SF
3-FB-3290Z-BK-G06,FG SC-Fortune Kinaloor-3290Z-Black-Gents-06,9,Footwear-3290Z-Black-Gents-06,6,1,PAIR,No,PAIR,0,Covering,123.85,,SF
3-FB-3290Z-BK-G07,FG SC-Fortune Kinaloor-3290Z-Black-Gents-07,11,Footwear-3290Z-Black-Gents-07,7,1,PAIR,No,PAIR,0,Covering,135.53,,SF
3-FB-3290Z-BK-G08,FG SC-Fortune Kinaloor-3290Z-Black-Gents-08,13,Footwear-3290Z-Black-Gents-08,8,1,PAIR,No,PAIR,0,Covering,132.37,,SF
3-FB-3290Z-BK-G09,FG SC-Fortune Kinaloor-3290Z-Black-Gents-09,15,Footwear-3290Z-Black-Gents-09,9,1,PAIR,No,PAIR,0,Covering,133.21,,SF
3-FB-3290Z-BK-G10,FG SC-Fortune Kinaloor-3290Z-Black-Gents-10,13,Footwear-3290Z-Black-Gents-10,10,1,PAIR,No,PAIR,0,Covering,141.66,,SF
3-FB-3290Z-BK-X10,FG SC-Fortune Kinaloor-3290Z-Black-Giants-10-Export,1,Footwear-Pride-3290Z-Black-Giants-10-Export,10,1,PAIR,No,PAIR,319,Covering,136.52,,SF
3-FB-3290Z-BK-X11,FG SC-Fortune Kinaloor-3290Z-Black-Giants-11-Export,5,Footwear-Pride-3290Z-Black-Giants-11-Export,11,1,PAIR,No,PAIR,339,Covering,153.07,,SF
3-FB-3290Z-BK-X12,FG SC-Fortune Kinaloor-3290Z-Black-Giants-12-Export,0,Footwear-Pride-3290Z-Black-Giants-12-Export,12,1,PAIR,No,PAIR,339,Covering,155.77,,SF
3-FB-3290Z-BR-G06,FG SC-Fortune Kinaloor-3290Z-Brown-Gents-06,2,Footwear-3290Z-Brown-Gents-06,6,1,PAIR,No,PAIR,0,Covering,127.81,,SF
3-FB-3290Z-BR-G07,FG SC-Fortune Kinaloor-3290Z-Brown-Gents-07,9,Footwear-3290Z-Brown-Gents-07,7,1,PAIR,No,PAIR,0,Covering,136.8,,SF
3-FB-3290Z-BR-G08,FG SC-Fortune Kinaloor-3290Z-Brown-Gents-08,23,Footwear-3290Z-Brown-Gents-08,8,1,PAIR,No,PAIR,0,Covering,138.4,,SF
3-FB-3290Z-BR-G09,FG SC-Fortune Kinaloor-3290Z-Brown-Gents-09,5,Footwear-3290Z-Brown-Gents-09,9,1,PAIR,No,PAIR,0,Covering,142.28,,SF
3-FB-3290Z-BR-G10,FG SC-Fortune Kinaloor-3290Z-Brown-Gents-10,18,Footwear-3290Z-Brown-Gents-10,10,1,PAIR,No,PAIR,0,Covering,144.69,,SF
3-FB-3290Z-BR-X10,FG SC-Fortune Kinaloor-3290Z-Brown-Giants-10-Export,1,Footwear-Pride-3290Z-Brown-Giants-10-Export,10,1,PAIR,No,PAIR,319,Covering,143.04,,SF
3-FB-3290Z-BR-X11,FG SC-Fortune Kinaloor-3290Z-Brown-Giants-11-Export,1,Footwear-Pride-3290Z-Brown-Giants-11-Export,11,1,PAIR,No,PAIR,319,Covering,147.68,,SF
3-FB-3290Z-BR-X12,FG SC-Fortune Kinaloor-3290Z-Brown-Giants-12-Export,2,Footwear-Pride-3290Z-Brown-Giants-12-Export,12,1,PAIR,No,PAIR,319,Covering,150.31,,SF
3-FB-3290Z-TA-G07,FG SC-Fortune Kinaloor-3290Z-Tan-Gents-07,0,Footwear-PRIDE-3290Z-Tan-Gents-07,7,1,PAIR,No,PAIR,0,COVERING,96.51,,SF
3-FB-3290Z-TA-G08,FG SC-Fortune Kinaloor-3290Z-Tan-Gents-08,0,Footwear-PRIDE-3290Z-Tan-Gents-08,8,1,PAIR,No,PAIR,0,COVERING,99.33,,SF
3-FB-3290Z-TA-G09,FG SC-Fortune Kinaloor-3290Z-Tan-Gents-09,1,Footwear-PRIDE-3290Z-Tan-Gents-09,9,1,PAIR,No,PAIR,0,COVERING,103.29,,SF
3-FB-3290Z-TA-G10,FG SC-Fortune Kinaloor-3290Z-Tan-Gents-10,10,Footwear-PRIDE-3290Z-Tan-Gents-10,10,1,PAIR,No,PAIR,0,COVERING,126.42,,SF
3-FB-3290Z-TA-X10,FG SC-Fortune Kinaloor-3290Z-Tan-Giants-10-Export,1,Footwear-PRIDE-3290Z-Tan-Giants-10-Export,10,1,PAIR,No,PAIR,0,COVERING,135.57,,SF
3-FB-3290Z-TA-X11,FG SC-Fortune Kinaloor-3290Z-Tan-Giants-11-Export,7,Footwear-PRIDE-3290Z-Tan-Giants-11-Export,11,1,PAIR,No,PAIR,0,COVERING,149.75,,SF
3-FB-3290Z-TA-X12,FG SC-Fortune Kinaloor-3290Z-Tan-Giants-12-Export,3,Footwear-PRIDE-3290Z-Tan-Giants-12-Export,12,1,PAIR,No,PAIR,0,COVERING,150.46,,SF
3-FB-3290Z-WT-G06,FG SC-Fortune Kinaloor-3290Z-White-Gents-06-Export,87,Footwear-PRIDE-3290Z-White-Gents-06-Export,6,1,PAIR,No,PAIR,0,COVERING,129.1,,SF
3-FB-3290Z-WT-G07,FG SC-Fortune Kinaloor-3290Z-White-Gents-07-Export,84,Footwear-PRIDE-3290Z-White-Gents-07-Export,7,1,PAIR,No,PAIR,0,COVERING,132.93,,SF
3-FB-3290Z-WT-G08,FG SC-Fortune Kinaloor-3290Z-White-Gents-08-Export,117,Footwear-PRIDE-3290Z-White-Gents-08-Export,8,1,PAIR,No,PAIR,0,COVERING,134.52,,SF
3-FB-3290Z-WT-G09,FG SC-Fortune Kinaloor-3290Z-White-Gents-09-Export,118,Footwear-PRIDE-3290Z-White-Gents-09-Export,9,1,PAIR,No,PAIR,0,COVERING,138.34,,SF
3-FB-3290Z-WT-G10,FG SC-Fortune Kinaloor-3290Z-White-Gents-10-Export,0,Footwear-PRIDE-3290Z-White-Gents-10-Export,10,1,PAIR,No,PAIR,0,COVERING,0,,SF
3-FB-8125-NB-L05,FG SC-Fortune Kinaloor-8125-Navy Blue-Ladies-05,189,Footwear-Pride-8125-Navy Blue-Ladies-05,5,1,PAIR,No,PAIR,0,COVERING,100.19,,SF
3-FB-8125-NB-L06,FG SC-Fortune Kinaloor-8125-Navy Blue-Ladies-06,138,Footwear-Pride-8125-Navy Blue-Ladies-06,6,1,PAIR,No,PAIR,0,COVERING,105.02,,SF
3-FB-8125-NB-L07,FG SC-Fortune Kinaloor-8125-Navy Blue-Ladies-07,148,Footwear-Pride-8125-Navy Blue-Ladies-07,7,1,PAIR,No,PAIR,0,COVERING,109.93,,SF
3-FB-8125-NB-L08,FG SC-Fortune Kinaloor-8125-Navy Blue-Ladies-08,120,Footwear-Pride-8125-Navy Blue-Ladies-08,8,1,PAIR,No,PAIR,0,COVERING,111.06,,SF
3-FB-8125-NB-L09,FG SC-Fortune Kinaloor-8125-Navy Blue-Ladies-09,141,Footwear-Pride-8125-Navy Blue-Ladies-09,9,1,PAIR,No,PAIR,0,COVERING,117.06,,SF
3-FB-8125Z-NB-L05,FG SC-Fortune Kinaloor-8125Z-Navy Blue-Ladies-05-Export,0,Footwear-PRIDE-8125Z-Navy Blue-Ladies-05-Export,5,1,PAIRS,No,PAIRS,0,COVERING,97.84,,SF
3-FB-8125Z-NB-L06,FG SC-Fortune Kinaloor-8125Z-Navy Blue-Ladies-06-Export,2,Footwear-PRIDE-8125Z-Navy Blue-Ladies-06-Export,6,1,PAIRS,No,PAIRS,0,COVERING,104.83,,SF
3-FB-8125Z-NB-L07,FG SC-Fortune Kinaloor-8125Z-Navy Blue-Ladies-07-Export,0,Footwear-PRIDE-8125Z-Navy Blue-Ladies-07-Export,7,1,PAIRS,No,PAIRS,0,COVERING,107,,SF
3-FB-8125Z-NB-L08,FG SC-Fortune Kinaloor-8125Z-Navy Blue-Ladies-08-Export,0,Footwear-PRIDE-8125Z-Navy Blue-Ladies-08-Export,8,1,PAIRS,No,PAIRS,0,COVERING,109.2,,SF
3-FB-8125Z-NB-L09,FG SC-Fortune Kinaloor-8125Z-Navy Blue-Ladies-09-Export,0,Footwear-PRIDE-8125Z-Navy Blue-Ladies-09-Export,9,1,PAIRS,No,PAIRS,0,COVERING,113.81,,SF
4-CCP1-3290-BK-G,Semi Finished-CC FOR PRINTING1-3290-Black-Gents-G,39900,SF-CCP1-3290-Black-Gents-G,,1,PAIR,No,PAIR,0,Covering,1.07,,CLICKED
4-CCP1-3290-BR-G,Semi Finished-CC FOR PRINTING1-3290-Brown-Gents-G,31200,SF-CCP1-3290-Brown-Gents-G,,1,PAIR,No,PAIR,0,Covering,1.18,,CLICKED
4-CCP1-3290-TA-G,Semi Finished-CC FOR PRINTING1-3290-Tan-Gents,2400,SF-CCP1-3290-Tan-Gents,6,1,PAIR,No,PAIR,0,Covering,0.91,,CLICKED
4-CCP1-3290-WT-G,Semi Finished-CC FOR PRINTING1-3290-White-Gents,0,SF-CCP1-3290-White-Gents,6,1,PAIR,No,PAIR,0,COVERING,0.99,,CLICKED
4-CCP-3290-BK-G06,Semi Finished-CC FOR PRINTING-3290-Black-Gents-06,600,SF-CCP-3290-Black-Gents-06,6,1,PAIR,No,PAIR,0,Covering,13.13,,CLICKED
4-CCP-3290-BK-G07,Semi Finished-CC FOR PRINTING-3290-Black-Gents-07,2400,SF-CCP-3290-Black-Gents-07,7,1,PAIR,No,PAIR,0,Covering,13.38,,CLICKED
4-CCP-3290-BK-G08,Semi Finished-CC FOR PRINTING-3290-Black-Gents-08,3200,SF-CCP-3290-Black-Gents-08,8,1,PAIR,No,PAIR,0,Covering,13.63,,CLICKED
4-CCP-3290-BK-G09,Semi Finished-CC FOR PRINTING-3290-Black-Gents-09,3200,SF-CCP-3290-Black-Gents-09,9,1,PAIR,No,PAIR,0,Covering,15.6,,CLICKED
4-CCP-3290-BK-G10,Semi Finished-CC FOR PRINTING-3290-Black-Gents-10,2600,SF-CCP-3290-Black-Gents-10,10,1,PAIR,No,PAIR,0,Covering,15.83,,CLICKED
4-CCP-3290-BK-X11,Semi Finished-CC FOR PRINTING-3290-Black-Giants-11,0,SF-CCP-3290-Black-Giants-11,11,1,PAIR,No,PAIR,0,Covering,18.46,,CLICKED
4-CCP-3290-BK-X12,Semi Finished-CC FOR PRINTING-3290-Black-Giants-12,0,SF-CCP-3290-Black-Giants-12,12,1,PAIR,No,PAIR,0,Covering,18.91,,CLICKED
4-CCP-3290-BR-G06,Semi Finished-CC FOR PRINTING-3290-Brown-Gents-06,600,SF-CCP-3290-Brown-Gents-06,6,1,PAIR,No,PAIR,0,Covering,13.59,,CLICKED
4-CCP-3290-BR-G07,Semi Finished-CC FOR PRINTING-3290-Brown-Gents-07,1200,SF-CCP-3290-Brown-Gents-07,7,1,PAIR,No,PAIR,0,Covering,13.6,,CLICKED
4-CCP-3290-BR-G08,Semi Finished-CC FOR PRINTING-3290-Brown-Gents-08,1200,SF-CCP-3290-Brown-Gents-08,8,1,PAIR,No,PAIR,0,Covering,13.63,,CLICKED
4-CCP-3290-BR-G09,Semi Finished-CC FOR PRINTING-3290-Brown-Gents-09,1200,SF-CCP-3290-Brown-Gents-09,9,1,PAIR,No,PAIR,0,Covering,15.6,,CLICKED
4-CCP-3290-BR-G10,Semi Finished-CC FOR PRINTING-3290-Brown-Gents-10,600,SF-CCP-3290-Brown-Gents-10,10,1,PAIR,No,PAIR,0,Covering,15.83,,CLICKED
4-CCP-3290-BR-X11,Semi Finished-CC FOR PRINTING-3290-Brown-Giants-11,0,SF-CCP-3290-Brown-Giants-11,11,1,PAIR,No,PAIR,0,Covering,18.46,,CLICKED
4-CCP-3290-BR-X12,Semi Finished-CC FOR PRINTING-3290-Brown-Giants-12,0,SF-CCP-3290-Brown-Giants-12,12,1,PAIR,No,PAIR,0,Covering,18.91,,CLICKED
4-CCP-3290-TA-G06,Semi Finished-CC FOR PRINTING-3290-Tan-Gents-06,0,SF-CCP-3290-Tan-Gents-06,6,1,PAIR,No,PAIR,0,Covering,11.13,,CLICKED
4-CCP-3290-TA-G07,Semi Finished-CC FOR PRINTING-3290-Tan-Gents-07,0,SF-CCP-3290-Tan-Gents-07,7,1,PAIR,No,PAIR,0,Covering,11.33,,CLICKED
4-CCP-3290-TA-G08,Semi Finished-CC FOR PRINTING-3290-Tan-Gents-08,0,SF-CCP-3290-Tan-Gents-08,8,1,PAIR,No,PAIR,0,Covering,11.54,,CLICKED
4-CCP-3290-TA-G09,Semi Finished-CC FOR PRINTING-3290-Tan-Gents-09,0,SF-CCP-3290-Tan-Gents-09,9,1,PAIR,No,PAIR,0,Covering,13.17,,CLICKED
4-CCP-3290-TA-G10,Semi Finished-CC FOR PRINTING-3290-Tan-Gents-10,0,SF-CCP-3290-Tan-Gents-10,10,1,PAIR,No,PAIR,0,Covering,13.36,,CLICKED
4-CCP-3290-TA-X11,Semi Finished-CC FOR PRINTING-3290-Tan-Giants-11,0,SF-CCP-3290-Tan-Giants-11,11,,PAIR,No,PAIR,0,COVERING,15.02,,CLICKED
4-CCP-3290-TA-X12,Semi Finished-CC FOR PRINTING-3290-Tan-Giants-12,0,SF-CCP-3290-Tan-Giants-12,12,,PAIR,No,PAIR,0,COVERING,15.36,,CLICKED
4-CCP-3290-WT-G06,Semi Finished-CC FOR PRINTING-3290-White-Gents-06,0,SF-CCP-3290-White-Gents-06,6,1,PAIR,No,PAIR,0,COVERING,14.15,,CLICKED
4-CCP-3290-WT-G07,Semi Finished-CC FOR PRINTING-3290-White-Gents-07,0,SF-CCP-3290-White-Gents-07,7,1,PAIR,No,PAIR,0,COVERING,13.81,,CLICKED
4-CCP-3290-WT-G08,Semi Finished-CC FOR PRINTING-3290-White-Gents-08,0,SF-CCP-3290-White-Gents-08,8,1,PAIR,No,PAIR,0,COVERING,14.69,,CLICKED
4-CCP-3290-WT-G09,Semi Finished-CC FOR PRINTING-3290-White-Gents-09,0,SF-CCP-3290-White-Gents-09,9,1,PAIR,No,PAIR,0,COVERING,16.84,,CLICKED
4-CCP-3290-WT-G10,Semi Finished-CC FOR PRINTING-3290-White-Gents-10,0,SF-CCP-3290-White-Gents-10,10,1,PAIR,No,PAIR,0,COVERING,17.08,,CLICKED
4-CCP-8125-NB-L05,Semi Finished-CC FOR PRINTING-8125-Navy Blue-Ladies-05,0,SF-CCP-8125-Ladies-05,5,1,PAIR,No,PAIR,0,COVERING,12.95,,CLICKED
4-CCP-8125-NB-L06,Semi Finished-CC FOR PRINTING-8125-Navy Blue-Ladies-06,0,SF-CCP-8125-Ladies-06,6,1,PAIR,No,PAIR,0,COVERING,14.26,,CLICKED
4-CCP-8125-NB-L07,Semi Finished-CC FOR PRINTING-8125-Navy Blue-Ladies-07,0,SF-CCP-8125-Ladies-07,7,1,PAIR,No,PAIR,0,COVERING,14.84,,CLICKED
4-CCP-8125-NB-L08,Semi Finished-CC FOR PRINTING-8125-Navy Blue-Ladies-08,0,SF-CCP-8125-Ladies-08,8,1,PAIR,No,PAIR,0,COVERING,15.07,,CLICKED
4-CCP-8125-NB-L09,Semi Finished-CC FOR PRINTING-8125-Navy Blue-Ladies-09,0,SF-CCP-8125-Ladies-09,9,1,PAIR,No,PAIR,0,COVERING,16.81,,CLICKED
4-CCS-8125-NB-L05,Semi Finished-CC FOR STITCHING-8125-Navy Blue-Ladies-05,1530,SF-CCS-8125-Ladies-05,5,1,PAIR,No,PAIR,0,COVERING,5.23,,CLICKED
4-CCS-8125-NB-L06,Semi Finished-CC FOR STITCHING-8125-Navy Blue-Ladies-06,1530,SF-CCS-8125-Ladies-06,6,1,PAIR,No,PAIR,0,COVERING,5.45,,CLICKED
4-CCS-8125-NB-L07,Semi Finished-CC FOR STITCHING-8125-Navy Blue-Ladies-07,1580,SF-CCS-8125-Ladies-07,7,1,PAIR,No,PAIR,0,COVERING,5.88,,CLICKED
4-CCS-8125-NB-L08,Semi Finished-CC FOR STITCHING-8125-Navy Blue-Ladies-08,1430,SF-CCS-8125-Ladies-08,8,1,PAIR,No,PAIR,0,COVERING,6.03,,CLICKED
4-CCS-8125-NB-L09,Semi Finished-CC FOR STITCHING-8125-Navy Blue-Ladies-09,750,SF-CCS-8125-Ladies-09,9,1,PAIR,No,PAIR,0,COVERING,6.34,,CLICKED
4-FCM-3290-BK-G,Semi Finished-FC FOR MARKING-3290-Black-Gents-G,37460.3834,SF-FCM-3290-Black-Gents-G,,1,MTR,No,MTR,0,Covering,11.65,,CLICKED
4-FCM-3290-BR-G,Semi Finished-FC FOR MARKING-3290-Brown-Gents-G,29679.83,SF-FCM-3290-Brown-Gents-G,,1,MTR,No,MTR,0,Covering,12.48,,CLICKED
4-FCM-3290-TA-G,Semi Finished-FC FOR MARKING-3290-Tan-Gents-G,15873.136,SF-FCM-3290-Tan-Gents-G,,1,MTR,No,MTR,0,Covering,11.01,,CLICKED
4-FCM-3290-WT-G,Semi Finished-FC FOR MARKING-3290-White-Gents-G,42.1,SF-FCM-3290-White-Gents-G,,1,MTR,No,MTR,0,COVERING,10.31,,CLICKED
4-FCS1-8125-NB-L,Semi Finished-FC FOR STITCHING1-8125-Navy Blue-Ladies,17408.94,SF-FCS1-8125-Ladies,,1,MTR,No,MTR,0,COVERING,4.76,,CLICKED
4-FCS2-8125-NB-L,Semi Finished-FC FOR STITCHING2-81252-Navy Blue-Ladies,21713.08,SF-FCS2-81252-Ladies,,1,MTR,No,MTR,0,COVERING,3.56,,CLICKED
4-FCS-8125-NB-L,Semi Finished-FC FOR STITCHING-8125-Navy Blue-Ladies,35127.08,SF-FCS-8125-Ladies,,1,MTR,No,MTR,0,COVERING,5.63,,CLICKED
4-FU-3290-BK-G06,Semi Finished-FINISHED UPPER-3290-Black-Gents-06,274.5,SF-FU-3290-Black-Gents-06,6,1,PAIR,No,PAIR,0,Covering,61.27,,FU
4-FU-3290-BK-G07,Semi Finished-FINISHED UPPER-3290-Black-Gents-07,42,SF-FU-3290-Black-Gents-07,7,1,PAIR,No,PAIR,0,Covering,61.58,,FU
4-FU-3290-BK-G08,Semi Finished-FINISHED UPPER-3290-Black-Gents-08,98.5,SF-FU-3290-Black-Gents-08,8,1,PAIR,No,PAIR,0,Covering,61.84,,FU
4-FU-3290-BK-G09,Semi Finished-FINISHED UPPER-3290-Black-Gents-09,78,SF-FU-3290-Black-Gents-09,9,1,PAIR,No,PAIR,0,Covering,63.89,,FU
4-FU-3290-BK-G10,Semi Finished-FINISHED UPPER-3290-Black-Gents-10,551.5,SF-FU-3290-Black-Gents-10,10,1,PAIR,No,PAIR,0,Covering,64.13,,FU
4-FU-3290-BK-X11,Semi Finished-FINISHED UPPER-3290-Black-Giants-11,135.5,SF-FU-3290-Black-Giants-11,11,1,PAIR,No,PAIR,0,Covering,73.84,,FU
4-FU-3290-BK-X12,Semi Finished-FINISHED UPPER-3290-Black-Giants-12,93.5,SF-FU-3290-Black-Giants-12,12,1,PAIR,No,PAIR,0,Covering,74.28,,FU
4-FU-3290-BR-G06,Semi Finished-FINISHED UPPER-3290-Brown-Gents-06,239,SF-FU-3290-Brown-Gents-06,6,1,PAIR,No,PAIR,0,Covering,66.86,,FU
4-FU-3290-BR-G07,Semi Finished-FINISHED UPPER-3290-Brown-Gents-07,42,SF-FU-3290-Brown-Gents-07,7,1,PAIR,No,PAIR,0,Covering,63.66,,FU
4-FU-3290-BR-G08,Semi Finished-FINISHED UPPER-3290-Brown-Gents-08,487,SF-FU-3290-Brown-Gents-08,8,1,PAIR,No,PAIR,0,Covering,63.88,,FU
4-FU-3290-BR-G09,Semi Finished-FINISHED UPPER-3290-Brown-Gents-09,1068.5,SF-FU-3290-Brown-Gents-09,9,1,PAIR,No,PAIR,0,Covering,65.87,,FU
4-FU-3290-BR-G10,Semi Finished-FINISHED UPPER-3290-Brown-Gents-10,316.5,SF-FU-3290-Brown-Gents-10,10,1,PAIR,No,PAIR,0,Covering,66.16,,FU
4-FU-3290-BR-X11,Semi Finished-FINISHED UPPER-3290-Brown-Giants-11,133.5,SF-FU-3290-Brown-Giants-11,11,1,PAIR,No,PAIR,0,Covering,77.13,,FU
4-FU-3290-BR-X12,Semi Finished-FINISHED UPPER-3290-Brown-Giants-12,119.5,SF-FU-3290-Brown-Giants-12,12,1,PAIR,No,PAIR,0,Covering,77.6,,FU
4-FU-3290-TA-G06,Semi Finished-FINISHED UPPER-3290-Tan-Gents-06,135.5,SF-FU-3290-Tan-Gents-06,6,1,PAIR,No,PAIR,0,Covering,59.97,,FU
4-FU-3290-TA-G07,Semi Finished-FINISHED UPPER-3290-Tan-Gents-07,691.5,SF-FU-3290-Tan-Gents-07,7,1,PAIR,No,PAIR,0,Covering,60.57,,FU
4-FU-3290-TA-G08,Semi Finished-FINISHED UPPER-3290-Tan-Gents-08,471,SF-FU-3290-Tan-Gents-08,8,1,PAIR,No,PAIR,0,Covering,60.78,,FU
4-FU-3290-TA-G09,Semi Finished-FINISHED UPPER-3290-Tan-Gents-09,261,SF-FU-3290-Tan-Gents-09,9,1,PAIR,No,PAIR,0,Covering,62.41,,FU
4-FU-3290-TA-G10,Semi Finished-FINISHED UPPER-3290-Tan-Gents-10,0,SF-FU-3290-Tan-Gents-10,10,1,PAIR,No,PAIR,0,Covering,60.78,,FU
4-FU-3290-TA-X11,Semi Finished-FINISHED UPPER-3290-Tan-Giants-11,5,SF-FU-3290-Tan-Giants-11,11,,PAIR,No,PAIR,0,COVERING,71.31,,FU
4-FU-3290-TA-X12,Semi Finished-FINISHED UPPER-3290-Tan-Giants-12,12.5,SF-FU-3290-Tan-Giants-12,12,,PAIR,No,PAIR,0,COVERING,71.66,,FU
4-FU-3290-WT-G06,Semi Finished-FINISHED UPPER-3290-White-Gents-06,35,SF-FU-3290-White-Gents-06,6,1,PAIR,No,PAIR,0,,63.48,,FU
4-FU-3290-WT-G07,Semi Finished-FINISHED UPPER-3290-White-Gents-07,124.5,SF-FU-3290-White-Gents-07,7,1,PAIR,No,PAIR,0,,63.76,,FU
4-FU-3290-WT-G08,Semi Finished-FINISHED UPPER-3290-White-Gents-08,132.5,SF-FU-3290-White-Gents-08,8,1,PAIR,No,PAIR,0,,64.02,,FU
4-FU-3290-WT-G09,Semi Finished-FINISHED UPPER-3290-White-Gents-09,140,SF-FU-3290-White-Gents-09,9,1,PAIR,No,PAIR,0,,66.07,,FU
4-FU-3290-WT-G10,Semi Finished-FINISHED UPPER-3290-White-Gents-10,49.5,SF-FU-3290-White-Gents-10,10,1,PAIR,No,PAIR,0,,66.3,,FU
4-FU-8125-NB-L05,Semi Finished-FINIDHED UPPER-8125-Navy Blue-Ladies-05,1053,SF-FU-8125-Ladies-05,5,1,PAIR,No,PAIR,0,COVERING,51.05,,FU
4-FU-8125-NB-L06,Semi Finished-FINIDHED UPPER-8125-Navy Blue-Ladies-06,1258,SF-FU-8125-Ladies-06,6,1,PAIR,No,PAIR,0,COVERING,52.89,,FU
4-FU-8125-NB-L07,Semi Finished-FINIDHED UPPER-8125-Navy Blue-Ladies-07,1558.5,SF-FU-8125-Ladies-07,7,1,PAIR,No,PAIR,0,COVERING,54.56,,FU
4-FU-8125-NB-L08,Semi Finished-FINIDHED UPPER-8125-Navy Blue-Ladies-08,1253,SF-FU-8125-Ladies-08,8,1,PAIR,No,PAIR,0,COVERING,55.1,,FU
4-FU-8125-NB-L09,Semi Finished-FINIDHED UPPER-8125-Navy Blue-Ladies-09,539,SF-FU-8125-Ladies-09,9,1,PAIR,No,PAIR,0,COVERING,57.49,,FU
4-MCS-3290-BK-G06,Semi Finished-MC FOR STITCHING-3290-Black-Gents-06,1052,SF-MCS-3290-Black-Gents-06,6,1,PAIR,No,PAIR,0,Covering,33.11,,CLICKED
4-MCS-3290-BK-G07,Semi Finished-MC FOR STITCHING-3290-Black-Gents-07,2300,SF-MCS-3290-Black-Gents-07,7,1,PAIR,No,PAIR,0,Covering,33.12,,CLICKED
4-MCS-3290-BK-G08,Semi Finished-MC FOR STITCHING-3290-Black-Gents-08,1625,SF-MCS-3290-Black-Gents-08,8,1,PAIR,No,PAIR,0,Covering,33.12,,CLICKED
4-MCS-3290-BK-G09,Semi Finished-MC FOR STITCHING-3290-Black-Gents-09,2157,SF-MCS-3290-Black-Gents-09,9,1,PAIR,No,PAIR,0,Covering,33.12,,CLICKED
4-MCS-3290-BK-G10,Semi Finished-MC FOR STITCHING-3290-Black-Gents-10,1975,SF-MCS-3290-Black-Gents-10,10,1,PAIR,No,PAIR,0,Covering,33.12,,CLICKED
4-MCS-3290-BK-X11,Semi Finished-MC FOR STITCHING-3290-Black-Giants-11,1115,SF-MCS-3290-Black-Giants-11,11,1,PAIR,No,PAIR,0,Covering,33.12,,CLICKED
4-MCS-3290-BK-X12,Semi Finished-MC FOR STITCHING-3290-Black-Giants-12,1115,SF-MCS-3290-Black-Giants-12,12,1,PAIR,No,PAIR,0,Covering,33.12,,CLICKED
4-MCS-3290-BR-G06,Semi Finished-MC FOR STITCHING-3290-Brown-Gents-06,3159,SF-MCS-3290-Brown-Gents-06,6,1,PAIR,No,PAIR,0,Covering,35.21,,CLICKED
4-MCS-3290-BR-G07,Semi Finished-MC FOR STITCHING-3290-Brown-Gents-07,3203,SF-MCS-3290-Brown-Gents-07,7,1,PAIR,No,PAIR,0,Covering,35.21,,CLICKED
4-MCS-3290-BR-G08,Semi Finished-MC FOR STITCHING-3290-Brown-Gents-08,4500,SF-MCS-3290-Brown-Gents-08,8,1,PAIR,No,PAIR,0,Covering,35.21,,CLICKED
4-MCS-3290-BR-G09,Semi Finished-MC FOR STITCHING-3290-Brown-Gents-09,4236,SF-MCS-3290-Brown-Gents-09,9,1,PAIR,No,PAIR,0,Covering,35.21,,CLICKED
4-MCS-3290-BR-G10,Semi Finished-MC FOR STITCHING-3290-Brown-Gents-10,4111,SF-MCS-3290-Brown-Gents-10,10,1,PAIR,No,PAIR,0,Covering,35.22,,CLICKED
4-MCS-3290-BR-X11,Semi Finished-MC FOR STITCHING-3290-Brown-Giants-11,1700,SF-MCS-3290-Brown-Giants-11,11,1,PAIR,No,PAIR,0,Covering,34.93,,CLICKED
4-MCS-3290-BR-X12,Semi Finished-MC FOR STITCHING-3290-Brown-Giants-12,1700,SF-MCS-3290-Brown-Giants-12,12,1,PAIR,No,PAIR,0,Covering,34.93,,CLICKED
4-MCS-3290-TA-G06,Semi Finished-MC FOR STITCHING-3290-Tan-Gents-06,500,SF-MCS-3290-Tan-Gents-06,6,1,PAIR,No,PAIR,0,Covering,30.98,,CLICKED
4-MCS-3290-TA-G07,Semi Finished-MC FOR STITCHING-3290-Tan-Gents-07,350,SF-MCS-3290-Tan-Gents-07,7,1,PAIR,No,PAIR,0,Covering,38.25,,CLICKED
4-MCS-3290-TA-G08,Semi Finished-MC FOR STITCHING-3290-Tan-Gents-08,350,SF-MCS-3290-Tan-Gents-08,8,1,PAIR,No,PAIR,0,Covering,41.1,,CLICKED
4-MCS-3290-TA-G09,Semi Finished-MC FOR STITCHING-3290-Tan-Gents-09,350,SF-MCS-3290-Tan-Gents-09,9,1,PAIR,No,PAIR,0,Covering,31.2,,CLICKED
4-MCS-3290-TA-G10,Semi Finished-MC FOR STITCHING-3290-Tan-Gents-10,625,SF-MCS-3290-Tan-Gents-10,10,1,PAIR,No,PAIR,0,Covering,31.2,,CLICKED
4-MCS-3290-TA-X11,Semi Finished-MC FOR STITCHING-3290-Tan-Giants-11,0,SF-MCS-3290-Tan-Giants-11,11,,PAIR,No,PAIR,0,COVERING,41.92,,CLICKED
4-MCS-3290-TA-X12,Semi Finished-MC FOR STITCHING-3290-Tan-Giants-12,0,SF-MCS-3290-Tan-Giants-12,12,,PAIR,No,PAIR,0,COVERING,41.92,,CLICKED
4-MCS-3290-WT-G06,Semi Finished-MC FOR STITCHING-3290-White-Gents-06,0,SF-MCS-3290-White-Gents-06,6,1,PAIR,No,PAIR,0,COVERING,32.33,,CLICKED
4-MCS-3290-WT-G07,Semi Finished-MC FOR STITCHING-3290-White-Gents-07,0,SF-MCS-3290-White-Gents-07,7,1,PAIR,No,PAIR,0,COVERING,32.33,,CLICKED
4-MCS-3290-WT-G08,Semi Finished-MC FOR STITCHING-3290-White-Gents-08,0,SF-MCS-3290-White-Gents-08,8,1,PAIR,No,PAIR,0,COVERING,32.33,,CLICKED
4-MCS-3290-WT-G09,Semi Finished-MC FOR STITCHING-3290-White-Gents-09,0,SF-MCS-3290-White-Gents-09,9,1,PAIR,No,PAIR,0,COVERING,32.33,,CLICKED
4-MCS-3290-WT-G10,Semi Finished-MC FOR STITCHING-3290-White-Gents-10,0,SF-MCS-3290-White-Gents-10,10,1,PAIR,No,PAIR,0,COVERING,32.33,,CLICKED
4-MPU-3290-BK-G06,Semi Finished-MOULDED PU PAIR-3290-Black-Gents-06,4.5,SF-MPU-3290-Black-Gents-06,6,1,PAIR,No,PAIR,0,Covering,115.51,,SOLE
4-MPU-3290-BK-G07,Semi Finished-MOULDED PU PAIR-3290-Black-Gents-07,18,SF-MPU-3290-Black-Gents-07,7,1,PAIR,No,PAIR,0,Covering,119.57,,SOLE
4-MPU-3290-BK-G08,Semi Finished-MOULDED PU PAIR-3290-Black-Gents-08,27,SF-MPU-3290-Black-Gents-08,8,1,PAIR,No,PAIR,0,Covering,121.16,,SOLE
4-MPU-3290-BK-G09,Semi Finished-MOULDED PU PAIR-3290-Black-Gents-09,27,SF-MPU-3290-Black-Gents-09,9,1,PAIR,No,PAIR,0,Covering,124.99,,SOLE
4-MPU-3290-BK-G10,Semi Finished-MOULDED PU PAIR-3290-Black-Gents-10,27,SF-MPU-3290-Black-Gents-10,10,1,PAIR,No,PAIR,0,Covering,127.95,,SOLE
4-MPU-3290-BK-X11,Semi Finished-MOULDED PU PAIR-3290-Black-Giants-11,5,SF-MPU-3290-Black-Giants-11,11,1,PAIR,No,PAIR,0,Covering,143.8,,SOLE
4-MPU-3290-BK-X12,Semi Finished-MOULDED PU PAIR-3290-Black-Giants-12,3,SF-MPU-3290-Black-Giants-12,12,1,PAIR,No,PAIR,0,Covering,146.47,,SOLE
4-MPU-3290-BR-G06,Semi Finished-MOULDED PU PAIR-3290-Brown-Gents-06,4.5,SF-MPU-3290-Brown-Gents-06,6,1,PAIR,No,PAIR,0,Covering,121.3,,SOLE
4-MPU-3290-BR-G07,Semi Finished-MOULDED PU PAIR-3290-Brown-Gents-07,31.5,SF-MPU-3290-Brown-Gents-07,7,1,PAIR,No,PAIR,0,Covering,121.65,,SOLE
4-MPU-3290-BR-G08,Semi Finished-MOULDED PU PAIR-3290-Brown-Gents-08,19,SF-MPU-3290-Brown-Gents-08,8,1,PAIR,No,PAIR,0,Covering,123.28,,SOLE
4-MPU-3290-BR-G09,Semi Finished-MOULDED PU PAIR-3290-Brown-Gents-09,26,SF-MPU-3290-Brown-Gents-09,9,1,PAIR,No,PAIR,0,Covering,128.68,,SOLE
4-MPU-3290-BR-G10,Semi Finished-MOULDED PU PAIR-3290-Brown-Gents-10,21.5,SF-MPU-3290-Brown-Gents-10,10,1,PAIR,No,PAIR,0,Covering,129.87,,SOLE
4-MPU-3290-BR-X11,Semi Finished-MOULDED PU PAIR-3290-Brown-Giants-11,7,SF-MPU-3290-Brown-Giants-11,11,1,PAIR,No,PAIR,0,Covering,146.49,,SOLE
4-MPU-3290-BR-X12,Semi Finished-MOULDED PU PAIR-3290-Brown-Giants-12,4.5,SF-MPU-3290-Brown-Giants-12,12,1,PAIR,No,PAIR,0,Covering,149.37,,SOLE
4-MPU-3290-TA-G06,Semi Finished-MOULDED PU PAIR-3290-Tan-Gents-06,0,SF-MPU-3290-Tan-Gents-06,6,1,PAIR,No,PAIR,0,Covering,115.14,,SOLE
4-MPU-3290-TA-G07,Semi Finished-MOULDED PU PAIR-3290-Tan-Gents-07,0,SF-MPU-3290-Tan-Gents-07,7,1,PAIR,No,PAIR,0,Covering,119.24,,SOLE
4-MPU-3290-TA-G08,Semi Finished-MOULDED PU PAIR-3290-Tan-Gents-08,0,SF-MPU-3290-Tan-Gents-08,8,1,PAIR,No,PAIR,0,Covering,120.9,,SOLE
4-MPU-3290-TA-G09,Semi Finished-MOULDED PU PAIR-3290-Tan-Gents-09,0,SF-MPU-3290-Tan-Gents-09,9,1,PAIR,No,PAIR,0,Covering,124.35,,SOLE
4-MPU-3290-TA-G10,Semi Finished-MOULDED PU PAIR-3290-Tan-Gents-10,0,SF-MPU-3290-Tan-Gents-10,10,1,PAIR,No,PAIR,0,Covering,125.45,,SOLE
4-MPU-3290-TA-X11,Semi Finished-MOULDED PU PAIR-3290-Tan-Giants-11,0,SF-MPU-3290-Tan-Giants-11,11,,PAIR,No,PAIR,0,COVERING,139.28,,SOLE
4-MPU-3290-TA-X12,Semi Finished-MOULDED PU PAIR-3290-Tan-Giants-12,0,SF-MPU-3290-Tan-Giants-12,12,,PAIR,No,PAIR,0,COVERING,139.99,,SOLE
4-MPU-3290-WT-G06,Semi Finished-MOULDED PU PAIR-3290-White-Gents-06,0,SF-MPU-3290-White-Gents-06,6,1,PAIR,No,PAIR,0,Covering,117.92,,SOLE
4-MPU-3290-WT-G07,Semi Finished-MOULDED PU PAIR-3290-White-Gents-07,0,SF-MPU-3290-White-Gents-07,7,1,PAIR,No,PAIR,0,Covering,121.76,,SOLE
4-MPU-3290-WT-G08,Semi Finished-MOULDED PU PAIR-3290-White-Gents-08,0,SF-MPU-3290-White-Gents-08,8,1,PAIR,No,PAIR,0,Covering,123.34,,SOLE
4-MPU-3290-WT-G09,Semi Finished-MOULDED PU PAIR-3290-White-Gents-09,1,SF-MPU-3290-White-Gents-09,9,1,PAIR,No,PAIR,0,Covering,127.16,,SOLE
4-MPU-3290-WT-G10,Semi Finished-MOULDED PU PAIR-3290-White-Gents-10,0,SF-MPU-3290-White-Gents-10,10,1,PAIR,No,PAIR,0,Covering,125.69,,SOLE
4-MPU-8125-NB-L05,Semi Finished-MOULDED PU PAIR-8125-Navy Blue-Ladies-05,3.5,SF-MPU-8125-Ladies-05,5,1,PAIR,No,PAIR,0,COVERING,92.02,,SOLE
4-MPU-8125-NB-L06,Semi Finished-MOULDED PU PAIR-8125-Navy Blue-Ladies-06,10,SF-MPU-8125-Ladies-06,6,1,PAIR,No,PAIR,0,COVERING,96.85,,SOLE
4-MPU-8125-NB-L07,Semi Finished-MOULDED PU PAIR-8125-Navy Blue-Ladies-07,3,SF-MPU-8125-Ladies-07,7,1,PAIR,No,PAIR,0,COVERING,101.77,,SOLE
4-MPU-8125-NB-L08,Semi Finished-MOULDED PU PAIR-8125-Navy Blue-Ladies-08,3.5,SF-MPU-8125-Ladies-08,8,1,PAIR,No,PAIR,0,COVERING,104.05,,SOLE
4-MPU-8125-NB-L09,Semi Finished-MOULDED PU PAIR-8125-Navy Blue-Ladies-09,2,SF-MPU-8125-Ladies-09,9,1,PAIR,No,PAIR,0,COVERING,109.33,,SOLE
4-PCS1-3290-BK-G,Semi Finished-PC FOR STITCHING-3290-Black-Gents-G,46245,SF-PCS-3290-Black-Gents-G,,1,PAIR,No,PAIR,0,Covering,1.77,,PRINTED ITEM
4-PCS1-3290-BR-G,Semi Finished-PC FOR STITCHING-3290-Brown-Gents-G,73864,SF-PCS-3290-Brown-Gents-G,,1,PAIR,No,PAIR,0,Covering,1.88,,PRINTED ITEM
4-PCS1-3290-TA-G,Semi Finished-PC FOR STITCHING-3290-Tan-Gents,9669,SF-PCS1-3290-Tan-Gents,6,1,PAIR,No,PAIR,0,Covering,1.46,,PRINTED ITEM
4-PCS1-3290-WT-G,Semi Finished-PC FOR STITCHING1-3290-White-Gents,510,SF-PCS1-3290-White-Gents,6,1,PAIR,No,PAIR,0,COVERING,1.54,,PRINTED ITEM
4-PCS-3290-BK-G06,Semi Finished-PC FOR STITCHING-3290-Black-Gents-06,825,SF-PCS-3290-Black-Gents-06,6,1,PAIR,No,PAIR,0,Covering,15.29,,PRINTED ITEM
4-PCS-3290-BK-G07,Semi Finished-PC FOR STITCHING-3290-Black-Gents-07,1880.5,SF-PCS-3290-Black-Gents-07,7,1,PAIR,No,PAIR,0,Covering,15.55,,PRINTED ITEM
4-PCS-3290-BK-G08,Semi Finished-PC FOR STITCHING-3290-Black-Gents-08,2254.5,SF-PCS-3290-Black-Gents-08,8,1,PAIR,No,PAIR,0,Covering,15.81,,PRINTED ITEM
4-PCS-3290-BK-G09,Semi Finished-PC FOR STITCHING-3290-Black-Gents-09,2397,SF-PCS-3290-Black-Gents-09,9,1,PAIR,No,PAIR,0,Covering,17.86,,PRINTED ITEM
4-PCS-3290-BK-G10,Semi Finished-PC FOR STITCHING-3290-Black-Gents-10,1294.5,SF-PCS-3290-Black-Gents-10,10,1,PAIR,No,PAIR,0,Covering,18.09,,PRINTED ITEM
4-PCS-3290-BK-X11,Semi Finished-PC FOR STITCHING-3290-Black-Giants-11,753.5,SF-PCS-3290-Black-Giants-11,11,1,PAIR,No,PAIR,0,Covering,20.36,,PRINTED ITEM
4-PCS-3290-BK-X12,Semi Finished-PC FOR STITCHING-3290-Black-Giants-12,756,SF-PCS-3290-Black-Giants-12,12,1,PAIR,No,PAIR,0,Covering,20.81,,PRINTED ITEM
4-PCS-3290-BR-G06,Semi Finished-PC FOR STITCHING-3290-Brown-Gents-06,1578.5,SF-PCS-3290-Brown-Gents-06,6,1,PAIR,No,PAIR,0,Covering,15.29,,PRINTED ITEM
4-PCS-3290-BR-G07,Semi Finished-PC FOR STITCHING-3290-Brown-Gents-07,1737,SF-PCS-3290-Brown-Gents-07,7,1,PAIR,No,PAIR,0,Covering,15.55,,PRINTED ITEM
4-PCS-3290-BR-G08,Semi Finished-PC FOR STITCHING-3290-Brown-Gents-08,2440,SF-PCS-3290-Brown-Gents-08,8,1,PAIR,No,PAIR,0,Covering,15.81,,PRINTED ITEM
4-PCS-3290-BR-G09,Semi Finished-PC FOR STITCHING-3290-Brown-Gents-09,2772.5,SF-PCS-3290-Brown-Gents-09,9,1,PAIR,No,PAIR,0,Covering,17.86,,PRINTED ITEM
4-PCS-3290-BR-G10,Semi Finished-PC FOR STITCHING-3290-Brown-Gents-10,1068.5,SF-PCS-3290-Brown-Gents-10,10,1,PAIR,No,PAIR,0,Covering,18.07,,PRINTED ITEM
4-PCS-3290-BR-X11,Semi Finished-PC FOR STITCHING-3290-Brown-Giants-11,988.5,SF-PCS-3290-Brown-Giants-11,11,1,PAIR,No,PAIR,0,Covering,20.36,,PRINTED ITEM
4-PCS-3290-BR-X12,Semi Finished-PC FOR STITCHING-3290-Brown-Giants-12,1047.5,SF-PCS-3290-Brown-Giants-12,12,1,PAIR,No,PAIR,0,Covering,20.81,,PRINTED ITEM
4-PCS-3290-TA-G06,Semi Finished-PC FOR STITCHING-3290-Tan-Gents-06,655,SF-PCS-3290-Tan-Gents-06,6,1,PAIR,No,PAIR,0,Covering,12.93,,PRINTED ITEM
4-PCS-3290-TA-G07,Semi Finished-PC FOR STITCHING-3290-Tan-Gents-07,623,SF-PCS-3290-Tan-Gents-07,7,1,PAIR,No,PAIR,0,Covering,13.13,,PRINTED ITEM
4-PCS-3290-TA-G08,Semi Finished-PC FOR STITCHING-3290-Tan-Gents-08,845.5,SF-PCS-3290-Tan-Gents-08,8,1,PAIR,No,PAIR,0,Covering,13.34,,PRINTED ITEM
4-PCS-3290-TA-G09,Semi Finished-PC FOR STITCHING-3290-Tan-Gents-09,835,SF-PCS-3290-Tan-Gents-09,9,1,PAIR,No,PAIR,0,Covering,14.97,,PRINTED ITEM
4-PCS-3290-TA-G10,Semi Finished-PC FOR STITCHING-3290-Tan-Gents-10,684,SF-PCS-3290-Tan-Gents-10,10,1,PAIR,No,PAIR,0,Covering,15.16,,PRINTED ITEM
4-PCS-3290-TA-X11,Semi Finished-PC FOR STITCHING-3290-Tan-Giants-11,0,SF-PCS-3290-Tan-Giants-11,11,,PAIR,No,PAIR,0,COVERING,16.37,,PRINTED ITEM
4-PCS-3290-TA-X12,Semi Finished-PC FOR STITCHING-3290-Tan-Giants-12,0,SF-PCS-3290-Tan-Giants-12,12,,PAIR,No,PAIR,0,COVERING,16.71,,PRINTED ITEM
4-PCS-3290-WT-G06,Semi Finished-PC FOR STITCHING-3290-White-Gents-06,80,SF-PCS-3290-White-Gents-06,6,1,PAIR,No,PAIR,0,,15.25,,PRINTED ITEM
4-PCS-3290-WT-G07,Semi Finished-PC FOR STITCHING-3290-White-Gents-07,0,SF-PCS-3290-White-Gents-07,7,1,PAIR,No,PAIR,0,COVERING,14.91,,PRINTED ITEM
4-PCS-3290-WT-G08,Semi Finished-PC FOR STITCHING-3290-White-Gents-08,40,SF-PCS-3290-White-Gents-08,8,1,PAIR,No,PAIR,0,COVERING,15.79,,PRINTED ITEM
4-PCS-3290-WT-G09,Semi Finished-PC FOR STITCHING-3290-White-Gents-09,40,SF-PCS-3290-White-Gents-09,9,1,PAIR,No,PAIR,0,COVERING,17.94,,PRINTED ITEM
4-PCS-3290-WT-G10,Semi Finished-PC FOR STITCHING-3290-White-Gents-10,80,SF-PCS-3290-White-Gents-10,10,1,PAIR,No,PAIR,0,,18.18,,PRINTED ITEM
4-PCS-8125-NB-L05,Semi Finished-PC FOR STITCHING-8125-Navy Blue-Ladies-05,1040,SF-PCS-8125-Ladies-05,5,1,PAIR,No,PAIR,0,COVERING,13.95,,PRINTED ITEM
4-PCS-8125-NB-L06,Semi Finished-PC FOR STITCHING-8125-Navy Blue-Ladies-06,1040,SF-PCS-8125-Ladies-06,6,1,PAIR,No,PAIR,0,COVERING,15.26,,PRINTED ITEM
4-PCS-8125-NB-L07,Semi Finished-PC FOR STITCHING-8125-Navy Blue-Ladies-07,1060,SF-PCS-8125-Ladies-07,7,1,PAIR,No,PAIR,0,COVERING,15.84,,PRINTED ITEM
4-PCS-8125-NB-L08,Semi Finished-PC FOR STITCHING-8125-Navy Blue-Ladies-08,910,SF-PCS-8125-Ladies-08,8,1,PAIR,No,PAIR,0,COVERING,16.07,,PRINTED ITEM
4-PCS-8125-NB-L09,Semi Finished-PC FOR STITCHING-8125-Navy Blue-Ladies-09,750,SF-PCS-8125-Ladies-09,9,1,PAIR,No,PAIR,0,COVERING,17.81,,PRINTED ITEM
4-PUX-0004,Semi Finished-FORTUNE ELASTOMERS BR-PU-PU MIX DOVE LD-BLACK,0,SF-FORTUNE ELASTOMERS BR-PU-PU MIX DOVE LD-BLACK,,1,KGS,No,KGS,0,,0,,
4-PUX-0020,Semi Finished-FORTUNE ELASTOMERS BR-PU-PU MIX DOVE LD-PUMKIN,0,SF-FORTUNE ELASTOMERS BR-PU-PU MIX DOVE LD-PUMKIN,,1,KGS,No,KGS,0,,0,,
4-SCF1-8125-NB-L,Semi Finished-SC FOR FOLDING1-8125-Navy Blue-Ladies,0,SF-SCF1-8125-Ladies,,1,MTR,No,MTR,0,COVERING,4.19,,CLICKED
4-SCF2-8125-NB-L,Semi Finished-SC FOR FOLDING2-8125-Navy Blue-Ladies,0,SF-SCF2-8125-Ladies,,1,MTR,No,MTR,0,COVERING,3.18,,CLICKED
4-SCF-3290-BK-G,Semi Finished-SC FOR FOLDING-3290-Black-Gents-G,0,SF-SCF-3290-Black-Gents-G,,1,MTR,No,MTR,0,Covering,10.68,,CLICKED
4-SCF-3290-BR-G,Semi Finished-SC FOR FOLDING-3290-Brown-Gents-G,0,SF-SCF-3290-Brown-Gents-G,,1,MTR,No,MTR,0,Covering,11.51,,CLICKED
4-SCF-3290-TA-G,Semi Finished-SC FOR FOLDING-3290-Tan-Gents-G,0,SF-SCF-3290-Tan-Gents-G,,1,MTR,No,MTR,0,Covering,10.15,,CLICKED
4-SCF-3290-WT-G,Semi Finished-SC FOR FOLDING-3290-White-Gents-G,0,SF-SCF-3290-White-Gents-G,,1,MTR,No,MTR,0,COVERING,9.4,,CLICKED
4-SCF-8125-NB-L,Semi Finished-SC FOR FOLDING-8125-Navy Blue-Ladies,0,SF-SCF-8125-Ladies,,1,MTR,No,MTR,0,COVERING,5.05,,CLICKED
5-CO02-0179,Raw Material-Components-Non Metallic Buckle and kadis-K309 DAMRU BKL R GOLD-MAROON,49890,K309 DAMRU BKL R GOLD-MAROON,,,NOS,No,NOS,0,,1.9,,COMPONENTS
5-CO03-0007,Raw material-Components-Rivets-7 MM RIVET BOTTOM,158234,7 MM RIVET BOTTOM,,,NOS,No,NOS,0,,0.39,,COMPONENTS
5-CO07-0013,Raw Material-Components-Threads-M40 BLUE 9159,2012735.653,M40 BLUE 9159,,,MTR,No,MTR,0,,0.05,,COMPONENTS
5-CO07-0105,Raw Material-Components-Threads-M40 MAROON B9211,393555.2,M40 MAROON B9211,,,MTR,No,MTR,0,,0.05,,COMPONENTS
5-CO07-0164,Raw Material-Components-Threads-THREAD M40 TAN (9125),838251.55,THREAD M40 TAN (9125),,,MTR,No,MTR,0,,0.05,,COMPONENTS
5-NL01-0020,Raw material-Non leather-Upper-24068/M70/BROWN S/3259/1MM (NEW),3815.4214,24068/M70/BROWN S/3259/1MM (NEW),,,MTR,No,MTR,0,,275.3,,SYL
5-NL01-0134,Raw Material-Non Leather-Upper-A 0713/R-8/BLACK/1007 1MM,1020.8081,A 0713/R-8/BLACK/1007 1MM,,,MTR,No,MTR,0,,253.88,,SYL
5-NL01-0613,Raw material-Non leather-Upper-A0713/R8/WHITE/054/1007/1MM,50.9905,A0713/R8/WHITE/054/1007/1MM,,,MTR,No,MTR,0,,230.64,,SYL
5-NL01-1007,Raw Material-Non Leather-UpperA0713E/GM/TN 013/JE 99/PUL/2173/1 mm,521.081,A0713E/GM/TN 013/JE 99/PUL/2173/1 mm,,,MTR,No,MTR,0,,212.57,,SYL
5-NL02-0025,Raw material-Non leather-Insole-2389 BSM CAPRISE E95+P52 BEIGE 2T S/41531,3295.4035,2389 BSM CAPRISE E95+P52 BEIGE 2T S/41531,,,MTR,No,MTR,0,,256.3,,SYL
5-NL02-0230,Raw Material-Non Leather-INSOLE-A0069 E/GM/WT-043/1090/1.45MM,2.7765,A0069 E/GM/WT-043/1090/1.45MM,,,MTR,No,MTR,0,,268.56,,SYL
5-NL02-0966,Raw material-Non leather-Insole-C-5805/Leo/Tan P R/1.45 mm,203.8741,C-5805/Leo/Tan P R/1.45 mm,,,MTR,No,MTR,0,,204.61,,SYL
5-NL02-1051,Raw Material-Non Leather-Insole-2389/INSOCK/TAN TT/SP-45/G-162/ REF 190734,981.562,2389/INSOCK/TAN TT/SP-45/G-162/ REF 190734,,,MTR,No,MTR,0,,277.52,,SYL
5-NL06-0221,Raw material-Non leather-Pasted Rexin-2452/LINING/MATERIAL/R8/TAN/1MM-PASTED,90.7442,2452/LINING/MATERIAL/R8/TAN/1MM-PASTED,,,MTR,No,MTR,0,,160.4,,SYL
5-NL06-0239,Raw material-Non leather-Pasted Rexin-A0713/GM/BRN/006/2173/1MM-PASTED,99.0996,A0713/GM/BRN/006/2173/1MM-PASTED,,,MTR,No,MTR,0,,287.23,,SYL
5-NL06-0241,Raw material-Non leather-Pasted Rexin-A0713/R8/BLACK/1007/1MM-PASTED,605.6951,A0713/R8/BLACK/1007/1MM-PASTED,,,MTR,No,MTR,0,,265.79,,SYL
5-NL06-0242,Raw material-Non leather-Pasted Rexin-A0713/R8/WHITE/054/1007/1MM-PASTED,5.8239,A0713/R8/WHITE/054/1007/1MM-PASTED,,,MTR,No,MTR,0,,242.64,,SYL
5-NL06-0247,Raw material-Non leather-Pasted Rexin-EVA SHEET(WHITE)-PASTED,232.3141,EVA SHEET(WHITE)-PASTED,,,MTR,No,MTR,0,,49.2,,SYL
5-NL06-0299,Raw material-Non leather-Pasted Rexin-A0713E/GM/TN 013/JE 99/PUL/2173/1 mm PASTED,225.6329,A0713E/GM/TN 013/JE 99/PUL/2173/1 mm PASTED,,,MTR,No,MTR,0,,224.57,,SYL
5-NL06-0308,Raw material-Non leather-Upper-Pasted-rexin-LINE TC CHERRY PASTED,15.1002,LINE TC CHERRY PASTED,,,MTR,No,MTR,0,,209.63,,SYL
5-NL06-0315,Raw material-Non leather-Upper-Pasted-rexin-LINE TC - BLUE PASTED,30.7186,LINE TC - BLUE PASTED,,,MTR,No,MTR,0,,209.18,,SYL
5-PO01-0004,Raw material-Polymer & Allied products-PU-ISO  99055290 SHISO GE -163 (DOW),10711.1558,ISO  99055290 SHISO GE -163 (DOW),,,KGS,No,KGS,0,,217,,CHEMICAL-PU
5-PO01-0008,Raw material-Polymer & Allied products-POLYOL GF 786 DOW,12296.9068,POLYOL GF 786 DOW,,,KGS,No,KGS,0,,217,,CHEMICAL-PU
6-ADH-0029,Consumables-Adhesive-ELFI,71.9114,ELFI,,,KGS,No,KGS,0,,800,,CHEM-ADHESIVE
6-ADH-0032,CONSUMABLES-Adhesive-Adhesive-BOSTIC 1815,591.7568,BOSTIC 1815,,,KGS,No,KGS,0,,147.02,,CHEM-ADHESIVE
6-CHM-0012,Consumables-Chemicals-KEZAL COLOUR PIGMENT BLACK : 4520/157A,465.9216,PIGMENT BLACK  PF-1230,,,KGS,No,KGS,0,,245.43,,CHEM-CONSUMABLE
6-CHM-0054,Consumables-Chemicals-PIGMENTCOLOR - PIGMENTCOLOR - CHOCLATE BROWN,15.2572,PIGMENTCOLOR - CHOCLATE BROWN,,,KGS,No,KGS,0,,220,,CHEM-CONSUMABLE
6-CHM-0055,Consumables-Chemicals-PIGMENTCOLOR - PIGMENT COLOR REDDISH BEIGE 3361,28,PIGMENT COLOR REDDISH BEIGE 3361,,,KGS,No,KGS,0,,271.37,,CHEM-CONSUMABLE
6-CHM-0082,Consumables-Chemicals-PUMPKIN SPICE KB-2755,200.5908,PUMPKIN SPICE KB-2755,,,KGS,No,KGS,0,,198.72,,CHEM-CONSUMABLE
6-CHM-0116,Consumables-Chemicals-PU PASTE CHEMIE BEIGE SED-429 NC,115.7962,PU PASTE CHEMIE BEIGE SED-429 NC,,,KGS,No,KGS,0,,189.13,,CHEM-CONSUMABLE
6-CHM-0126,Consumables-Chemicals-Chemicals-RELEASE AGENT W.B 711/07A,533.186,RELEASE AGENT W.B 711/07A,,,KGS,No,KGS,0,,361.84,,CHEM-CONSUMABLE
6-CHM-0142,Consumables-Chemicals-PU PASTE LIGHT GREY SED 2011,874.1848,PU PASTE LIGHT GREY SED 2011,,,KGS,No,KGS,0,,240.63,,CHEM-CONSUMABLE
7-AT-0015,Packing Materials-Adhesive Tape-Adhesive Tape-Bopp Tape(Transparent)VKC Printed - 72 Mm x 650 Mtr,70410.63,Bopp Tape(Transparent)VKC Printed - 72 Mm x 650 Mtr,,,MTR,No,MTR,0,,0.6,,PACKING MATERIAL
7-BT-0001,PACKING MATERIAL-Box Strap-Box Belt 12 MM,107822.15,BOX STRAP,,,MTR,No,MTR,0,,0.72,,PACKING MATERIAL
7-MC-0041,Packing Materials-Master Carton-CORRUGATED BOX - VKC PRIDE  6X10 CASUAL,2527,CORRUGATED BOX - VKC PRIDE  6X10 CASUAL,,,NOS,No,NOS,0,,60,,PACKING MATERIAL
7-MC-0120,Packing Materials-Master Carton-Master Carton-Master Carton PRIDE 11x12(EE),340,Master Carton PRIDE 11x12(EE),,,NOS,No,NOS,0,,45.1,,PACKING MATERIAL
7-MC-0124,PACKING MATERIAL-Master Carton-Master Carton-CARTON VKC PRIDE 11X12 EXPORT,134,CARTON VKC PRIDE 11X12 EXPORT,,,NOS,No,NOS,0,,56.4,,PACKING MATERIAL
7-MC-0280,Packing Materials-Master Carton-MASTER CARTON 12 PAIR PRIDE LADIES 4X9 (EXPORT),29,MASTER CARTON 12 PAIR PRIDE LADIES 4X9 (EXPORT),,,NOS,No,NOS,0,,49,,PACKING MATERIAL
7-MC-0304,Packing Materials-Master Carton-NEW EXPORT CARTON GENTS 6X10 12 PAIR,810,NEW EXPORT CARTON GENTS 6X10 12 PAIR,,,NOS,No,NOS,0,,52.5,,PACKING MATERIAL
7-MC-0329,Packing Materials-Master Carton-New Pride Export Multicolor 5Ply MC (46.5x36x30),217,New Pride Export Multicolor 5Ply MC (46.5x36x30),,,NOS,No,NOS,0,,45.35,,PACKING MATERIAL
7-MC-0332,Packing Materials-Master Carton-Master Carton Pride Ladies PL2 (5x9),900,Master Carton Pride Ladies PL2 (5x9),,,NOS,No,NOS,0,,55.2,,PACKING MATERIAL
7-OT-0007,Packing Materials-Others-SILICA GEL,190.283,SILICA GEL,,,KGS,No,KGS,0,,500,,PACKING MATERIAL
7-OT-0045,"Packing Materials-Others-VKC Pride PP Polybag (17""x 20"") 300 Gauge",2088.72,"VKC Pride PP Polybag (17""x 20"") 300 Gauge",,,NOS,No,NOS,0,,5.11,,PACKING MATERIAL
7-OT-0059,"Packing Materials-Others-Master Carton Sticker 4""x 6"" (Plain)",11478,"Master Carton Sticker 4""x 6"" (Plain)",,,NOS,No,NOS,0,,0.57,,PACKING MATERIAL
7-PS-0019,Packing Materials-Paper Stickers-NEW PRICE STICKER WHITE 80X50,452022,NEW PRICE STICKER WHITE 80X50,,,NOS,No,NOS,0,,0.16,,PACKING MATERIAL
7-PS-0038,PACKING MATERIAL-Paper Stickers-EXPORT CARTON STICKER 4X10,973,EXPORT CARTON STICKER 4X10,,,NOS,No,NOS,0,,1.06,,PACKING MATERIAL
7-PS-0050,Packing Materials-Paper Stickers-DT PLAIN STICKER 40X60,2692,DT PLAIN STICKER 40X60,,,NOS,No,NOS,0,,0.12,,PACKING MATERIAL
7-PS-0051,"Packing Materials-Paper Stickers-Master Carton Color Sticker 4""x6"" (Plain)",40729,"Master Carton Color Sticker 4""x6"" (Plain)",,,NOS,No,NOS,0,,0.61,,PACKING MATERIAL
7-SC-0026,Packing Materials-Small Carton-SC VKC PRIDE EXPORT PLAIN 5X8,365,SC VKC PRIDE EXPORT PLAIN 5X8,,,NOS,No,NOS,0,,5.35,,PACKING MATERIAL
7-SC-0084,Packing Materials-Small Carton-SC VKC PRIDE CASUAL 7X10,28945,SC VKC PRIDE CASUAL 7X10,,,NOS,No,NOS,0,,6.64,,PACKING MATERIAL
7-SC-0085,Packing Materials-Small Carton-SC VKC PRIDE EXPORT PLAIN 7X10,20035,SC VKC PRIDE EXPORT PLAIN 7X10,,,NOS,No,NOS,0,,6.98,,PACKING MATERIAL
7-SC-0098,Packing Materials-Small Carton-SMALL CARTON GENTS PRIDE EE,7034,SMALL CARTON GENTS PRIDE EE,,,NOS,No,NOS,0,,7.38,,PACKING MATERIAL
7-SC-0247,Packing Materials-SMALL CARTON VKC PRIDE EE 11X12 EXPORT PLAIN,1877,SMALL CARTON VKC PRIDE EE 11X12 EXPORT PLAIN,,,NOS,No,NOS,0,,6.27,,PACKING MATERIAL
7-SC-0279,Packing Materials-Small Carton Pride Ladies PL2 (5x9),16332,Small Carton Pride Ladies PL2 (5x9),,,NOS,No,NOS,0,,5.64,,PACKING MATERIAL
7-TG-0031,Packing Materials-Tag-TAG LOOP 7 INCH,141415,TAG LOOP 7 INCH,,,NOS,No,NOS,0,,0.03,,PACKING MATERIAL
7-TG-0032,Packing Materials-Tag-TAG LOOP 9 INCH,477995,TAG LOOP 9 INCH,,,NOS,No,NOS,0,,0.03,,PACKING MATERIAL
7-TG-0041,PACKING MATERIAL-Tag-VKC FOOT PRINT TAG,32560.5,VKC FOOT PRINT TAG,,,NOS,No,NOS,0,,0.75,,PACKING MATERIAL
